{
    "name": "root",
    "gauges": {
        "RollerBall.Policy.Entropy.mean": {
            "value": 1.399948239326477,
            "min": 1.399948239326477,
            "max": 1.4145599603652954,
            "count": 2
        },
        "RollerBall.Policy.Entropy.sum": {
            "value": 69997.4140625,
            "min": 69997.4140625,
            "max": 70728.0,
            "count": 2
        },
        "RollerBall.Step.mean": {
            "value": 99992.0,
            "min": 49992.0,
            "max": 99992.0,
            "count": 2
        },
        "RollerBall.Step.sum": {
            "value": 99992.0,
            "min": 49992.0,
            "max": 99992.0,
            "count": 2
        },
        "RollerBall.Policy.ExtrinsicValueEstimate.mean": {
            "value": -1.181452989578247,
            "min": -2.2718377113342285,
            "max": -1.181452989578247,
            "count": 2
        },
        "RollerBall.Policy.ExtrinsicValueEstimate.sum": {
            "value": -1181.4530029296875,
            "min": -2269.56591796875,
            "max": -1181.4530029296875,
            "count": 2
        },
        "RollerBall.Environment.EpisodeLength.mean": {
            "value": 199.0,
            "min": 199.0,
            "max": 199.0,
            "count": 2
        },
        "RollerBall.Environment.EpisodeLength.sum": {
            "value": 49750.0,
            "min": 49750.0,
            "max": 49750.0,
            "count": 2
        },
        "RollerBall.Environment.CumulativeReward.mean": {
            "value": 0.0,
            "min": 0.0,
            "max": 0.0,
            "count": 2
        },
        "RollerBall.Environment.CumulativeReward.sum": {
            "value": 0.0,
            "min": 0.0,
            "max": 0.0,
            "count": 2
        },
        "RollerBall.Policy.ExtrinsicReward.mean": {
            "value": 0.0,
            "min": 0.0,
            "max": 0.0,
            "count": 2
        },
        "RollerBall.Policy.ExtrinsicReward.sum": {
            "value": 0.0,
            "min": 0.0,
            "max": 0.0,
            "count": 2
        },
        "RollerBall.Losses.PolicyLoss.mean": {
            "value": 0.02305807417117952,
            "min": 0.021339545043641314,
            "max": 0.02305807417117952,
            "count": 2
        },
        "RollerBall.Losses.PolicyLoss.sum": {
            "value": 0.11529037085589759,
            "min": 0.08535818017456526,
            "max": 0.11529037085589759,
            "count": 2
        },
        "RollerBall.Losses.ValueLoss.mean": {
            "value": 0.009547176019599039,
            "min": 0.009547176019599039,
            "max": 0.09379225147422404,
            "count": 2
        },
        "RollerBall.Losses.ValueLoss.sum": {
            "value": 0.0477358800979952,
            "min": 0.0477358800979952,
            "max": 0.37516900589689617,
            "count": 2
        },
        "RollerBall.Policy.LearningRate.mean": {
            "value": 0.00025688353437216,
            "min": 0.00025688353437216,
            "max": 0.00028460280513239994,
            "count": 2
        },
        "RollerBall.Policy.LearningRate.sum": {
            "value": 0.0012844176718607998,
            "min": 0.0011384112205295998,
            "max": 0.0012844176718607998,
            "count": 2
        },
        "RollerBall.Policy.Epsilon.mean": {
            "value": 0.18562784000000004,
            "min": 0.18562784000000004,
            "max": 0.1948676,
            "count": 2
        },
        "RollerBall.Policy.Epsilon.sum": {
            "value": 0.9281392000000002,
            "min": 0.7794704,
            "max": 0.9281392000000002,
            "count": 2
        },
        "RollerBall.Policy.Beta.mean": {
            "value": 0.004282829215999999,
            "min": 0.004282829215999999,
            "max": 0.004743893239999999,
            "count": 2
        },
        "RollerBall.Policy.Beta.sum": {
            "value": 0.021414146079999998,
            "min": 0.018975572959999996,
            "max": 0.021414146079999998,
            "count": 2
        },
        "RollerBall.IsTraining.mean": {
            "value": 1.0,
            "min": 1.0,
            "max": 1.0,
            "count": 2
        },
        "RollerBall.IsTraining.sum": {
            "value": 1.0,
            "min": 1.0,
            "max": 1.0,
            "count": 2
        }
    },
    "metadata": {
        "timer_format_version": "0.1.0",
        "start_time_seconds": "1724923188",
        "python_version": "3.9.13 (tags/v3.9.13:6de2ca5, May 17 2022, 16:36:42) [MSC v.1929 64 bit (AMD64)]",
        "command_line_arguments": "C:\\Users\\atala\\unity\\maze-ml-agent\\venv\\Scripts\\mlagents-learn",
        "mlagents_version": "0.30.0",
        "mlagents_envs_version": "0.30.0",
        "communication_protocol_version": "1.5.0",
        "pytorch_version": "2.4.0+cpu",
        "numpy_version": "1.21.2",
        "end_time_seconds": "1724924445"
    },
    "total": 1256.887709,
    "count": 1,
    "self": 0.010821900000109963,
    "children": {
        "run_training.setup": {
            "total": 0.05941770000000002,
            "count": 1,
            "self": 0.05941770000000002
        },
        "TrainerController.start_learning": {
            "total": 1256.8174694,
            "count": 1,
            "self": 2.799651300048481,
            "children": {
                "TrainerController._reset_env": {
                    "total": 17.311987100000003,
                    "count": 1,
                    "self": 17.311987100000003
                },
                "TrainerController.advance": {
                    "total": 1236.4636894999517,
                    "count": 124204,
                    "self": 2.4233895999534525,
                    "children": {
                        "env_step": {
                            "total": 1197.9184655000101,
                            "count": 124204,
                            "self": 1028.885357300031,
                            "children": {
                                "SubprocessEnvManager._take_step": {
                                    "total": 167.36031139997414,
                                    "count": 124204,
                                    "self": 7.06498009995093,
                                    "children": {
                                        "TorchPolicy.evaluate": {
                                            "total": 160.2953313000232,
                                            "count": 124204,
                                            "self": 160.2953313000232
                                        }
                                    }
                                },
                                "workers": {
                                    "total": 1.672796800004864,
                                    "count": 124203,
                                    "self": 0.0,
                                    "children": {
                                        "worker_root": {
                                            "total": 1227.864833500015,
                                            "count": 124203,
                                            "is_parallel": true,
                                            "self": 325.06772199999887,
                                            "children": {
                                                "steps_from_proto": {
                                                    "total": 0.00043609999999816296,
                                                    "count": 1,
                                                    "is_parallel": true,
                                                    "self": 0.00020359999999897127,